<?xml version='1.0' encoding='UTF-8'?>
<rss xmlns:atom="http://www.w3.org/2005/Atom" xmlns:content="http://purl.org/rss/1.0/modules/content/" version="2.0">
  <channel>
    <title>Menu for the week</title>
    <link>https://order.hanssens.be/menu/C32A/GBS-Melle-De-Parkschool</link>
    <description>Menu for the week</description>
    <docs>http://www.rssboard.org/rss-specification</docs>
    <generator>python-feedgen</generator>
    <lastBuildDate>Tue, 20 Feb 2024 14:14:23 +0000</lastBuildDate>
    <item>
      <title>vrijdag, 23 februari 2024</title>
      <link>https://order.hanssens.be/menu/C32A/GBS-Melle-De-Parkschool</link>
      <description>Crecysoep
Lasagne
</description>
    </item>
    <item>
      <title>donderdag, 22 februari 2024</title>
      <link>https://order.hanssens.be/menu/C32A/GBS-Melle-De-Parkschool</link>
      <description>Tomatengroentesoep
Kalkoenfilet gesneden
Veenbessensaus
Breekbonen
Gestoomde aardappelen
</description>
    </item>
    <item>
      <title>dinsdag, 20 februari 2024</title>
      <link>https://order.hanssens.be/menu/C32A/GBS-Melle-De-Parkschool</link>
      <description>Seizoensoep
Vol-au-vent met champignons
Groentenmix
Frieten
Ketchup
</description>
    </item>
  </channel>
</rss>
